﻿<?xml version="1.0" encoding="UTF-8"?>
<customUI xmlns="http://schemas.microsoft.com/office/2006/01/customui" onLoad="Ribbon_Load">
  <ribbon>
    <tabs>
      <tab idMso="TabData">
        <group id="DolphinDBForExcelGroup" label="DolphinDB">
          <button
            id="ShowDolphinDBScriptEditor"
            label="DolphinDB for Excel"
            getImage="GetScriptEditorButtonImage"
            size="large"
            showImage="true"
            onAction="EnterScriptEditor"
            />
        </group>
      </tab>
    </tabs>
  </ribbon>
</customUI>

